[
    {
        "title": "Kim jesteśmy?",
        "text": [
            "Grupą znajomych, która spotkała się na terenie Politechniki Gdańskiej i połączyła ich wspólna pasja. ",
            "Obecnie tym co kochamy chcemy się dzielić z szerszym gronem, dając ludziom rozrywkę"
        ]
    }, {
       "title" : "Jaki jest nasz cel?",
       "text" : [
           "Zapewnić profesjonalny pokaz artystyczny",
           "Pokazać ludziom czym jest fire-show i jakie ma oblicza",
           "Rozszerzać działalność grupy"
       ]
    }, {
       "title" : "Jakie były nasze początki?",
       "text" : [
           "Zapewnić profesjonalny pokaz artystyczny",
           "Pokazać ludziom czym jest fire-show i jakie ma oblicza",
           "Rozszerzać działalność grupy"
       ]
    }, {
       "title" : "Jak się uformował skład?",
       "text" : [
           "Jakiś inny tekst"
       ]
    }
]