[
    {
        "firstName": "Janusz",
        "lastName": "Sokołow",
        "pseudo": "Wania",
        "data": {
            "fromDate": 1430438400000,
            "firstFire": 1418342400000,
            "bornYear": 759628800,
            "profession": "Developer",
            "staff": ["POI", "STAFF", "TECH", "DOUBLE", "SPITTING", "SWALLOWING"],
            "preferedStyle": "REAL",
            "imageName": "/assets/data/foto/team/wania_1.JPG"
        }
    }, {
        "firstName": "Hubert",
        "lastName": "Organiściak",
        "pseudo": "Mojżesz",
        "data": {
            "fromDate": 1430438400000,
            "firstFire": 1418342400000,
            "bornYear": 1993,
            "profession": "Music",
            "staff": ["POI", "STAFF", "DOUBLE"],
            "preferedStyle": "DARK",
            "imageName": "/assets/data/foto/team/mojzesz_2.jpg"
        }
    }, {
        "firstName": "Wiktoria",
        "lastName": "Bashlii",
        "pseudo": "Wikki",
        "data": {
            "fromDate": 1433548800000,
            "firstFire": 1416009600000,
            "bornYear": 1426377600000,
            "profession": " ",
            "staff": ["POI", "TECH"],
            "preferedStyle": "UKRAINIAN",
            "imageName": "/assets/data/foto/team/wania_1.JPG"
        }
    }, {
        "firstName": "Bartek",
        "lastName": "Deja",
        "pseudo": "Deja",
        "data": {
            "fromDate": 1433548800000,
            "firstFire": 1443916800000,
            "bornYear": 1993,
            "profession": " ",
            "staff": ["STAFF"],
            "preferedStyle": "",
            "imageName": "/assets/data/foto/team/wania_1.JPG"
        }
    }, {
        "firstName": "Kaja",
        "lastName": "Sosnowska",
        "pseudo": "na razie brak",
        "data": {
            "fromDate": 1409529600000,
            "firstFire": 1443916800000,
            "bornYear": 728697600000,
            "profession": " ",
            "staff": ["TECH"],
            "preferedStyle": "DANCING",
            "imageName": "/assets/data/foto/team/wania_1.JPG"
        }
    }, {
        "firstName": "Ania",
        "lastName": "Prabucka",
        "pseudo": "Ania",
        "data": {
            "fromDate": 1444003200000,
            "firstFire": 1443916800000,
            "bornYear": 745286400000,
            "profession": " ",
            "staff": ["TECH", "POI"],
            "preferedStyle": "DANCING_FIRST",
            "imageName": "/assets/data/foto/team/wania_1.JPG"
        }
    }
]