[{
        "name": "menu.HOME",
        "sref": "app.description",
        "title": "Description."
    }, {
        "name": "menu.FOTO",
        "sref": "app.foto",
        "title": "Show our fotos.."
    }, {
        "name": "menu.CONTACT",
        "sref": "app.contact",
        "title": "Contact us."
    }, {
        "name": "menu.OFERT",
        "sref": "app.ofert",
        "title": "See our ofert."
    }, {
        "name": "menu.TEAM",
        "sref": "app.team",
        "title": "See our team."
    }
]