[
    {
        "firstName": "Janusz",
        "lastName": "Sokołow",
        "pseudo": "Wania",
        "data": {
            "fromDate": 1430438400000,
            "firstFire": 1418342400000,
            "bornYear": 1994,
            "profession": "Developer",
            "staff": ["poi", "kij", "double", "wachlarze", "plucie", "połykanie ognia"],
            "preferedStyle": "Realistyczna historia sceniczna",
            "imageName": "/assets/data/foto/team/wania_1.JPG"
        }
    }, {
        "firstName": "Hubert",
        "lastName": "Organiściak",
        "pseudo": "Mojżesz",
        "data": {
            "fromDate": 1430438400000,
            "firstFire": 1418342400000,
            "bornYear": 1993,
            "profession": "Music",
            "staff": ["poi", "kij", "double"],
            "preferedStyle": "Mroczne fantazy",
            "imageName": "/assets/data/foto/team/mojzesz_2.jpg"
        }
    }, {
        "firstName": "Wiktoria",
        "lastName": "Bashkili",
        "pseudo": "Wika",
        "data": {
            "fromDate": 1433548800000,
            "firstFire": 1434758400000,
            "bornYear": 1994,
            "profession": " ",
            "staff": ["poi", "wachlarze"],
            "preferedStyle": "Ukranińska dusza",
            "imageName": "/assets/data/foto/team/wania_1.JPG"
        }
    }


]