[
    {
        "firstName": "Януш",
        "lastName": "Соколов",
        "pseudo": "Ваня",
        "data": {
            "fromDate": 1430438400000,
            "firstFire": 1418342400000,
            "bornYear": 1994,
            "profession": "Developer",
            "staff": ["пои", "стафф", "double", "беера", "бризинее", "съеданее огня"],
            "preferedStyle": "Реалистичное представльение",
            "imageName": "/assets/data/foto/team/wania_1.JPG"
        }
    }, {
        "firstName": "Хуберт",
        "lastName": "Органистьяк",
        "pseudo": "Мойжеш",
        "data": {
            "fromDate": 1430438400000,
            "firstFire": 1418342400000,
            "bornYear": 1993,
            "profession": "Музик",
            "staff": ["пои", "стафф", "double"],
            "preferedStyle": "Тёмные фантазы",
            "imageName": "/assets/data/foto/team/mojzesz_2.jpg"
        }
    }, {
        "firstName": "Wiktoria",
        "lastName": "Bashkili",
        "pseudo": "Wika",
        "data": {
            "fromDate": 1433548800000,
            "firstFire": 1434758400000,
            "bornYear": 1994,
            "profession": " ",
            "staff": ["пои", "беера"],
            "preferedStyle": "Украинская душа",
            "imageName": "/assets/data/foto/team/wania_1.JPG"
        }
    }


]